Jobs,Count
10 ян., Junior Profitability and Performance Management (PaPM) Consultant ,https://dev.bg/company/jobads/msg-global-solutions-junior-profitability-and-performance-management-papm-consultant/
10 ян., Junior Associate Consultant ,https://dev.bg/company/jobads/msg-global-solutions-junior-associate-consultant/
10 ян., [Trainee] Java Trainee For Payment Services Providers ,https://dev.bg/company/jobads/proxiad-trainee-java-trainee-for-payment-services-providers/
10 ян., [Trainee] Java Trainee For Online Banking Brokerage, and Financial Information Services ,https://dev.bg/company/jobads/proxiad-trainee-java-trainee-for-online-banking-brokerage-and-financial-information-services/
10 ян., Junior Linux System Administrator ,https://dev.bg/company/jobads/storpool-storage-linux-system-administrator-2/
10 ян., DevOps Intern (Cyber Infrastructure) ,https://dev.bg/company/jobads/devops-intern-cyber-infrastructure/
10 ян., Junior Security Operations Center Analyst ,https://dev.bg/company/jobads/dxc-technology-junior-security-operations-center-analyst-1/
10 ян., Intern UI/UX designer ,https://dev.bg/company/jobads/pytek-intern-ui-ux-designer/
10 ян., Junior ICT Solutions Expert ,https://dev.bg/company/jobads/a1-bulgaria-junior-ict-solutions-expert/
10 ян., Junior System Administrator Linux ,https://dev.bg/company/jobads/dxc-technology-junior-system-administrator-linux-2/
10 ян., Junior PHP / Laravel Developer ,https://dev.bg/company/jobads/junior-php-laravel-developer/
10 ян., JUNIOR WEBUI ENGINEER (ANGULAR) ,https://dev.bg/company/jobads/softserve-junior-webui-engineer-angular-1/
10 ян., Java Developer Trainee ,https://dev.bg/company/jobads/catenate-bulgaria-java-developer-trainee/
10 ян., Junior Windows Server Build Engineer – Graduate Development Program ,https://dev.bg/company/jobads/dxc-technology-junior-windows-server-build-engineer-graduate-development-program/
10 ян., Junior Business Support Systems Specialist – temporary contract (2 years) ,https://dev.bg/company/jobads/telenor-bulgaria-junior-business-support-systems-specialist-temporary-contract-2-years/
10 ян., Junior Python Developer with Django ,https://dev.bg/company/jobads/strypes-junior-python-developer-with-django/
10 ян., Junior Quality Assurance Engineer ,https://dev.bg/company/jobads/scalefocus-junior-quality-assurance-engineer/
10 ян., Junior Quality Assurance Engineer ,https://dev.bg/company/jobads/scalefocus-junior-quality-assurance-engineer-2/
10 ян., Junior Quality Assurance Engineer ,https://dev.bg/company/jobads/scalefocus-junior-quality-assurance-engineer-3/
10 ян., Junior Quality Assurance Engineer ,https://dev.bg/company/jobads/scalefocus-junior-quality-assurance-engineer-4/
10 ян., Junior .NET Developer ,https://dev.bg/company/jobads/lead-consult-junior-net-developer-2/
10 ян., Junior Security Operations Center Analyst ,https://dev.bg/company/jobads/dxc-technology-junior-security-operations-center-analyst/
10 ян., Junior web developer ,https://dev.bg/company/jobads/maistorplus-junior-web-developer/
10 ян., Junior/Mid Front-end Developer ,https://dev.bg/company/jobads/sorcible-ltd-junior-mid-front-end-developer/
10 ян., Software Engineering Internship ,https://dev.bg/company/jobads/cisco-systems-bulgaria-software-engineering-internship/
10 ян., Junior Machine Learning Engineer with Python ,https://dev.bg/company/jobads/a1-bulgaria-junior-machine-learning-engineer-with-python/
10 ян., Cloud Security Junior Engineer (Microsoft Azure) ,https://dev.bg/company/jobads/cloud-security-junior-engineer-microsoft-azure/
10 ян., Junior Developer – Graduate Program ,https://dev.bg/company/jobads/dxc-technology-junior-developer-graduate-program-1/
10 ян., Junior Project Manager ,https://dev.bg/company/jobads/b-eye-junior-project-manager/
10 ян., Junior Anaplan Model Builder and Data Analyst ,https://dev.bg/company/jobads/b-eye-junior-anaplan-model-builder-and-data-analyst/
10 ян., Junior Data Engineer ,https://dev.bg/company/jobads/financial-times-junior-data-engineer-2/
11 ян., Junior System Administrator ,https://dev.bg/company/jobads/team-blue-junior-system-administrator-2/
11 ян., Website migrations specialist (Junior) ,https://dev.bg/company/jobads/team-blue-website-migrations-specialist-junior/
11 ян., Junior Software Engineer ,https://dev.bg/company/jobads/experian-junior-software-engineer-1-1/
11 ян., Intern Machine Learning Engineer ,https://dev.bg/company/jobads/hedgeserv-intern-machine-learning-engineer/
11 ян., Junior Angular Developer ,https://dev.bg/company/jobads/dreamix-junior-angular-developer/
11 ян., Junior C++ Engineer ,https://dev.bg/company/jobads/junior-c-engineer/
11 ян., Junior System Administrator ,https://dev.bg/company/jobads/junior-system-administrator/
11 ян., Junior SAP ABAP Developer ,https://dev.bg/company/jobads/junior-sap-abap-developer/
11 ян., Junior SAP EWM consultant with German ,https://dev.bg/company/jobads/qinlox-junior-sap-ewm-consultant-with-german/
11 ян., Network System Administrator Intern ,https://dev.bg/company/jobads/telebidpro-network-system-administrator-intern/
11 ян., SQL Database Developer Intern ,https://dev.bg/company/jobads/telebidpro-sql-database-developer-intern/
11 ян., Junior PHP Developer ,https://dev.bg/company/jobads/dopamine-junior-php-developer/
11 ян., Junior Software Engineer ,https://dev.bg/company/jobads/experian-junior-software-engineer/
11 ян., Junior DevOps Engineer – Graduate Hiring Program ,https://dev.bg/company/jobads/dxc-technology-junior-devops-engineer-graduate-hiring-program/
11 ян., Junior PHP Game Developer ,https://dev.bg/company/jobads/dopamine-junior-php-game-developer/
11 ян., Junior Software Engineer ,https://dev.bg/company/jobads/experian-junior-software-engineer-1/
11 ян., Full Stack Developer (Intern) ,https://dev.bg/company/jobads/topvine-consulting-ltd-full-stack-developer-intern/
12 ян., Quality Assurance Intern ,https://dev.bg/company/jobads/imperia-online-quality-assurance-intern/
12 ян., Intern React Front-end developer ,https://dev.bg/company/jobads/pytek-intern-react-front-end-developer/
12 ян., JUNIOR EMBEDDED C DEVELOPER ,https://dev.bg/company/jobads/mm-solutions-junior-embedded-c-developer/
12 ян., JUNIOR PROJECT MANAGER ,https://dev.bg/company/jobads/mm-solutions-junior-project-manager/
12 ян., DevOps Engineer Junior ,https://dev.bg/company/jobads/prime-force-group-devops-engineer-junior/
12 ян., Junior/Middle Quality Assurance Specialist ,https://dev.bg/company/jobads/sqa-service-junior-middle-quality-assurance-specialist/
12 ян., Junior DevOps Engineer Night shifts ,https://dev.bg/company/jobads/notolytix-junior-devops-engineer-night-shifts/
12 ян., Junior Devops engineer ,https://dev.bg/company/jobads/energize-global-services-junior-devops-engineer-2/
12 ян., Стажант в отдел ИТ Инфраструктура ,https://dev.bg/company/jobads/raiffeisenbank-stazhant-v-otdel-it-infrastruktura/
12 ян., Junior QA Automation Engineer ,https://dev.bg/company/jobads/tinqin-junior-qa-automation-engineer-1/
12 ян., Machine Learning Internship ,https://dev.bg/company/jobads/hyperscience-machine-learning-internship/
12 ян., Python Developer Intern ,https://dev.bg/company/jobads/nemetschek-bulgaria-python-developer-2/
12 ян., Software Engineering Internship ,https://dev.bg/company/jobads/hyperscience-software-engineering-internship/
12 ян., Intern Node.js developer ,https://dev.bg/company/jobads/pytek-intern-node-js-developer/
12 ян., Java Developer ,https://dev.bg/company/jobads/seeburger-ag-java-developer-3/
12 ян., Junior PHP Full Stack Developer ,https://dev.bg/company/jobads/bulcode-junior-php-full-stack-developer/
12 ян., Intern React Native ,https://dev.bg/company/jobads/pytek-intern-react-native/
12 ян., Junior Software Developer ,https://dev.bg/company/jobads/brain-bulgaria-junior-software-developer-3/
12 ян., INTERN C++ DEVELOPER FOR AUTOMOTIVE ,https://dev.bg/company/jobads/bosch-engineering-center-sofia-intern-c-developer-for-automotive/
13 ян., Database Administrator Intern ,https://dev.bg/company/jobads/hedgeserv-database-administrator-intern/
13 ян., Intern/Junior Front End Developer ,https://dev.bg/company/jobads/hedgeserv-intern-junior-front-end-developer/
13 ян., Intern QA engineer (Device Lock) ,https://dev.bg/company/jobads/acronis-intern-qa-engineer-device-lock/
13 ян., TRAINEE PHP ENGINEER (MAGENTO) ,https://dev.bg/company/jobads/softserve-trainee-php-engineer-magento/
13 ян., Junior Java Developer ,https://dev.bg/company/jobads/coherent-solutions-junior-java-developer-3/
13 ян., Software Development Intern ,https://dev.bg/company/jobads/quanterall-software-development-intern/
13 ян., JUNIOR EMBEDDED C DEVELOPER ,https://dev.bg/company/jobads/mm-solutions-junior-embedded-c-developer-1/
13 ян., Junior Java DevOps/Developer ,https://dev.bg/company/jobads/prime-force-group-junior-java-devops-developer/
13 ян., Junior/Mid Angular Developer ,https://dev.bg/company/jobads/wetrack-bulgaria-junior-mid-angular/
13 ян., Junior Full-Stack Developer ,https://dev.bg/company/jobads/mentormate-rookie-to-full-stack-rockstar-5/
13 ян., Junior Full-Stack Developer ,https://dev.bg/company/jobads/mentormate-rookie-to-full-stack-rockstar-2/
13 ян., PHP Developer – Internship ,https://dev.bg/company/jobads/strings-it-recruitment-php-developer-internship/
13 ян., Junior System Administrator with Linux – Graduate Development Program ,https://dev.bg/company/jobads/dxc-technology-junior-system-administrator-with-linux-graduate-development-program/
13 ян., Backend Software Engineer – paid  internship program ,https://dev.bg/company/jobads/groupsense-backend-software-engineer-paid-internship-program/
13 ян., Junior Node.js Developer ,https://dev.bg/company/jobads/lab08-junior-node-js-developer/
13 ян., Endpoint Security Engineer – Graduate Development Program ,https://dev.bg/company/jobads/dxc-technology-endpoint-security-engineer-graduate-development-program/
13 ян., Junior Data Modeller with Python ,https://dev.bg/company/jobads/experian-junior-data-modeller-with-python/
13 ян., Junior DevOps Engineer ,https://dev.bg/company/jobads/melon-junior-devops-engineer/
13 ян., Junior Project Manager/Project Мanagement Оffice specialist ,https://dev.bg/company/jobads/dxc-technology-junior-project-manager-project-management-office-specialist/
13 ян., Junior Cloud Engineer ,https://dev.bg/company/jobads/deloitte-digital-junior-cloud-engineer/
13 ян., Junior/Mid PHP Developer ,https://dev.bg/company/jobads/sorcible-ltd-junior-mid-php-developer/
13 ян., Database Administrator (with DB2 or MySQL or Postgres or Informix or MongoDB ,https://dev.bg/company/jobads/dxc-technology-database-administrator-with-db2-or-mysql-or-postgres-or-informix-or-mongodb/
13 ян., Junior Office 365 Engineer – Graduate Hiring Program ,https://dev.bg/company/jobads/dxc-technology-junior-office-365-engineer-graduate-hiring-program-1/
13 ян., Junior Virtualization Engineer – Graduate Hire ,https://dev.bg/company/jobads/dxc-technology-junior-virtualization-engineer-graduate-hire/
14 ян., Junior/Intermediate React-native Developer ,https://dev.bg/company/jobads/dev-harbour-junior-intermediate-react-native-developer/
14 ян., Junior / Intermediate React Developer with Typescript ,https://dev.bg/company/jobads/dev-harbour-junior-intermediate-react-developer-with-typescript/
14 ян., JUNIOR IMAGE QUALITY ENGINEER ,https://dev.bg/company/jobads/mm-solutions-junior-image-quality-engineer-1/
14 ян., Junior iOS Developer ,https://dev.bg/company/jobads/junior-ios-developer/
14 ян., Junior System Administrator ,https://dev.bg/company/jobads/next-solutions-junior-system-administrator-2/
14 ян., Junior Android Developer ,https://dev.bg/company/jobads/junior-android-developer/
14 ян., Junior Quality Assurance Engineer ,https://dev.bg/company/jobads/next-solutions-junior-quality-assurance-engineer/
14 ян., Junior React Developer ,https://dev.bg/company/jobads/commerzbank-digital-technology-center-junior-react-developer/
14 ян., Junior Front End Developer ,https://dev.bg/company/jobads/droxic-junior-front-end-developer-2/
14 ян., Junior Full Stack Developer ,https://dev.bg/company/jobads/junior-full-stack-developer/
14 ян., Junior Front-End Developer ,https://dev.bg/company/jobads/junior-front-end-developer/
14 ян., JUNIOR DEVOPS ENGINEER ,https://dev.bg/company/jobads/junior-devops-engineer-2/
14 ян., JUNIOR ETL DEVELOPER ,https://dev.bg/company/jobads/itido-junior-etl-developer/
14 ян., Junior .Net Developer ,https://dev.bg/company/jobads/ultraplay-junior-net-developer-2/
14 ян., Junior SAP CRM/TPM Consultant ,https://dev.bg/company/jobads/atos-bulgaria-competency-center-junior-sap-crm-tpm-consultant-2/
14 ян., Junior/Mid Python Developer ,https://dev.bg/company/jobads/childish-ood-junior-mid-python-developer/
14 ян., Intern QA manual ,https://dev.bg/company/jobads/pytek-intern-qa-manual/
14 ян., Junior Full-Stack Developer ,https://dev.bg/company/jobads/mentormate-rookie-to-full-stack-rockstar/
14 ян., Junior Web&Middleware Administrator with Linux ,https://dev.bg/company/jobads/dxc-technology-junior-webmiddleware-administrator-with-linux/
14 ян., Junior Full-Stack Developer ,https://dev.bg/company/jobads/mentormate-rookie-to-full-stack-rockstar-4/
14 ян., Software Development and QA Internship ,https://dev.bg/company/jobads/taxback-international-software-development-and-qa-internship/
14 ян., Java Developer ,https://dev.bg/company/jobads/notolytix-java-developer-6/
14 ян., Junior Full-Stack Developer ,https://dev.bg/company/jobads/mentormate-rookie-to-full-stack-rockstar-3/
14 ян., Junior Data Analyst ,https://dev.bg/company/jobads/experian-junior-data-analyst/
14 ян., Junior Project Manager/Project Мanagement Оffice specialist ,https://dev.bg/company/jobads/dxc-technology-junior-project-manager-project-management-office-specialist-1/
14 ян., Internship 3D Artist ,https://dev.bg/company/jobads/chaos-internship-3d-artist/
14 ян., Junior Backup System Administrator with German ,https://dev.bg/company/jobads/hewlett-packard-enterprise-junior-backup-system-administrator-with-german/
14 ян., Junior Virtualization Engineer – Graduate Hire ,https://dev.bg/company/jobads/dxc-technology-junior-virtualization-engineer-graduate-hire-1/
14 ян., Intern C++ developer (MassTransit) ,https://dev.bg/company/jobads/acronis-intern-developer-masstransit/
17 ян., Junior Software Developer Intern ,https://dev.bg/company/jobads/internet-securities-bulgaria-junior-software-developer-intern/
17 ян., Software QМ Intern ,https://dev.bg/company/jobads/bosch-io-software-qm-intern/
17 ян., Junior IT Business Analyst – Internship ,https://dev.bg/company/jobads/internet-securities-bulgaria-junior-it-business-analyst-internship/
17 ян., Junior QA Automation (C#, Java) ,https://dev.bg/company/jobads/coherent-solutions-junior-qa-automation-c-java/
17 ян., (Junior) Data Processing Specialist ,https://dev.bg/company/jobads/gfk-junior-data-processing-specialist/
17 ян., Junior Embedded Firmware Software Developer ,https://dev.bg/company/jobads/sifly-junior-embedded-firmware-software-developer/
17 ян., Junior Java Developer ,https://dev.bg/company/jobads/prime-force-group-junior-java-developer-3/
17 ян., Junior QA Engineer ,https://dev.bg/company/jobads/matrix-global-services-eastern-europe-junior-qa-engineer-2/
17 ян., Junior/ Middle Java Developer ,https://dev.bg/company/jobads/bulwork-junior-middle-java-developer/
17 ян., Data Analytics Junior/Intern ,https://dev.bg/company/jobads/sagedata-data-analytics-junior-intern/
17 ян., Junior .NET developer ,https://dev.bg/company/jobads/7mojos-junior-net-developer/
17 ян., Junior Frontend Developer Angular ,https://dev.bg/company/jobads/implementit-junior-frontend-developer-angular/
17 ян., Software Engineer Intern ,https://dev.bg/company/jobads/resolute-software-software-engineer-intern/
17 ян., Junior Embedded Firmware Engineer for IoT and Embedded systems / R&D/ ,https://dev.bg/company/jobads/synectica-junior-embedded-firmware-engineer-for-iot-and-embedded-systems-rd/
18 ян., Junior Quantitative Risk Analyst ,https://dev.bg/company/jobads/fxcm-support-fxcm-technementals-technologies-junior-quantitative-risk-analyst/
18 ян., UI/UX Designer ,https://dev.bg/company/jobads/vedesoft-ui-ux-designer-2/
18 ян., Junior React JS Developer ,https://dev.bg/company/jobads/app-streams-junior-react-js-developer/
18 ян., Junior .Net Developer ,https://dev.bg/company/jobads/coherent-solutions-junior-net-developer/
18 ян., Manual QA Intern ,https://dev.bg/company/jobads/nemetschek-bulgaria-manual-qa-intern/
18 ян., JUNIOR FULL- STACK DEVELOPER/ PHP/ ,https://dev.bg/company/jobads/top-rent-a-car-junior-full-stack-developer-php/
18 ян., Junior QA Engineer ,https://dev.bg/company/jobads/7mojos-junior-qa-engineer/
18 ян., Junior PHP Developer ,https://dev.bg/company/jobads/bica-services-junior-php-developer/
18 ян., Junior Python Developer ,https://dev.bg/company/jobads/strypes-junior-python-developer/
18 ян., Junior C/C++ Developer ,https://dev.bg/company/jobads/strypes-junior-c-developer/
18 ян., Manual QA Intern ,https://dev.bg/company/jobads/telebidpro-quality-assurance-internship/
18 ян., DevOps Intern ,https://dev.bg/company/jobads/it-gix-devops-intern/
18 ян., Junior DevOps & Cloud Engineer ,https://dev.bg/company/jobads/it-gix-junior-devops-cloud-engineer/
18 ян., Junior Software Engineer ,https://dev.bg/company/jobads/gtmhub-junior-software-engineer-1/
18 ян., Junior Full-stack .NET Developer ,https://dev.bg/company/jobads/sirma-junior-full-stack-net-developer/
18 ян., Software Engineer ,https://dev.bg/company/jobads/astea-solutions-software-engineer/
18 ян., Junior Back end developer ,https://dev.bg/company/jobads/cst-2/
18 ян., Junior Software Automation Engineer ,https://dev.bg/company/jobads/vmware-bulgaria-junior-software-automation-engineer/
18 ян., Junior .NET Developer ,https://dev.bg/company/jobads/blankfactor-junior-net-developer/
18 ян., Junior Java Developer ,https://dev.bg/company/jobads/blankfactor-junior-java-developer-2/
18 ян., QA Intern ,https://dev.bg/company/jobads/accedia-intern-qa-engineer/
18 ян., Junior IT Auditor ,https://dev.bg/company/jobads/kpmg-it-service-junior-it-auditor/
19 ян., Junior Software Engineer – Membership Platform ,https://dev.bg/company/jobads/financial-times-junior-software-engineer-membership-platform/
19 ян., Junior Data Analyst ,https://dev.bg/company/jobads/taulia-junior-data-analyst/
19 ян., Cloud/DevOps Junior Engineer ,https://dev.bg/company/jobads/cloud-devops-junior-engineer/
19 ян., INTERN SOFTWARE TEST ENGINEER FOR AUTOMOTIVE ,https://dev.bg/company/jobads/bosch-engineering-center-sofia-intern-software-test-engineer-for-automotive/
19 ян., Internship Program for Software Developers ,https://dev.bg/company/jobads/software-ag-internship-program-for-software-developers/
19 ян., Практически стаж като frontend програмист – WordPress ,https://dev.bg/company/jobads/cobweb-software-prakticheski-stazh-kato-frontend-programist-wordpress/
19 ян., Практически стаж като backend програмист на PHP/ OOP / Laravel ,https://dev.bg/company/jobads/cobweb-software-prakticheski-stazh-kato-backend-programist-na-php-oop-laravel/
19 ян., Junior PHP Developer ,https://dev.bg/company/jobads/webest-eu-junior-php-developer/
19 ян., Junior Software Developer ,https://dev.bg/company/jobads/software-group-junior-software-developer/
19 ян., Software Engineering Intern ,https://dev.bg/company/jobads/uber-software-engineering-intern/
19 ян., Junior PHP Developer ,https://dev.bg/company/jobads/studioweb-bg-junior-php-developer-2/
19 ян., Junior DevOps Engineer ,https://dev.bg/company/jobads/mentormate-junior-devops-engineer-1-1-1-1/
19 ян., Junior Developer for SAP Business Technology Platform Apps for Circular Economy ,https://dev.bg/company/jobads/junior-developer-for-sap-business-technology-platform-apps-for-circular-economy/
19 ян., (Junior) Developer for HANA Database & Analytics – Common Service Infrastructure ,https://dev.bg/company/jobads/junior-developer-for-sap-hana-cloud-infrastructure-team/
19 ян., Cloud Operations engineer for SAP HANA Cloud ,https://dev.bg/company/jobads/junior-cloud-operations-engineer-for-sap-hana-cloud/
19 ян., JUNIOR WEBUI SOFTWARE ENGINEER ,https://dev.bg/company/jobads/softserve-junior-webui-software-engineer/
19 ян., Junior Software Automation Engineer ,https://dev.bg/company/jobads/vmware-bulgaria-junior-software-automation-engineer-1/
19 ян., INTERN SYSTEM ENGINEER ,https://dev.bg/company/jobads/bosch-engineering-center-sofia-intern-system-engineer-for-automotive/
2 ян., Internship Program for DevOps ,https://dev.bg/company/jobads/software-ag-internship-program-for-devops/
2 ян., Junior Flutter Developer ,https://dev.bg/company/jobads/appolica-junior-flutter-developer/
2 ян., Intern QA Automation Engineer ,https://dev.bg/company/jobads/automate-the-planet-intern-qa-automation-engineer/
2 ян., Intern/Junior Android Developer ,https://dev.bg/company/jobads/appolica-intern-junior-android-developer/
2 ян., Junior Low-code Developer ,https://dev.bg/company/jobads/kpmg-it-service-junior-low-code-developer/
2 ян., Junior Information Security Specialist ,https://dev.bg/company/jobads/dxc-technology-junior-information-security-specialist/
2 ян., Storage Intern (C/Golang) ,https://dev.bg/company/jobads/acronis-storage-intern-c-golang/
2 ян., Junior Software Engineer ,https://dev.bg/company/jobads/vmware-bulgaria-junior-software-engineer-2-2/
2 ян., Junior Software Engineer ,https://dev.bg/company/jobads/vmware-bulgaria-junior-software-engineer-2/
2 ян., Junior C++ Engineer ,https://dev.bg/company/jobads/alcatraz-ai-junior-c-engineer/
2 ян., Junior FullStack Java Developer for B2C Platform ,https://dev.bg/company/jobads/proxiad-fullstack-java-developer-with-french-for-b2c-platform/
2 ян., Junior Java Developer ,https://dev.bg/company/jobads/regiocom-bulgarien-senior-full-stack-engineer/
2 ян., Storage QA Intern (C/Golang) ,https://dev.bg/company/jobads/acronis-storage-qa-intern-c-golang/
2 ян., Junior Front-End Developer ,https://dev.bg/company/jobads/lirex-junior-front-end-developer/
2 ян., Junior System Administrator ,https://dev.bg/company/jobads/lirex-junior-system-administrator/
2 ян., (Junior or Senior) Developer for SAP Analytics Cloud Monitoring ,https://dev.bg/company/jobads/junior-senior-developer-for-sap-analytics-cloud-monitoring/
2 ян., Junior Android Developer ,https://dev.bg/company/jobads/printec-bulgaria-junior-android-developer/
2 ян., Junior C++ Engineer ,https://dev.bg/company/jobads/bica-services-junior-c-engineer/
2 ян., Junior .NET Software Engineer ,https://dev.bg/company/jobads/endava-junior-net-software-engineer/
2 ян., Junior Data Production Analyst – Experian Data Quality ,https://dev.bg/company/jobads/junior-data-production-analyst-experian-data-quality/
2 ян., Intern QA engineer (ATI) ,https://dev.bg/company/jobads/acronis-intern-qa-engineer-ati/
20 ян., Junior Software Developer with C++ ,https://dev.bg/company/jobads/carista-junior-software-developer-with-c/
20 ян., Junior QA Engineer ,https://dev.bg/company/jobads/strypes-junior-qa-engineer-2-1/
20 ян., Junior Business Intelligence Analyst ,https://dev.bg/company/jobads/experian-junior-business-intelligence-analyst/
20 ян., Junior Quality Assurance/ Tester Specialist (QA) ,https://dev.bg/company/jobads/markovski-solutions-junior-quality-assurance-tester-specialist-qa/
20 ян., Junior DevOps Engineer ,https://dev.bg/company/jobads/sciant-junior-devops-engineer-3/
20 ян., Beginner Java Developer ,https://dev.bg/company/jobads/markovski-solutions-beginner-java-developer/
20 ян., Junior Java Developer ,https://dev.bg/company/jobads/markovski-solutions-junior-java-developer-3/
20 ян., Стажант PHP програмист ,https://dev.bg/company/jobads/webest-eu-stazhant-php-programist/
20 ян., JUNIOR MOBILE APPLICATION DEVELOPER ,https://dev.bg/company/jobads/holland-hires-junior-mobile-application-developer/
20 ян., Web Developer- Internship Program (full time) ,https://dev.bg/company/jobads/web-developer-internship-program-full-time/
20 ян., (Junior) DevOps Engineer ,https://dev.bg/company/jobads/sap-junior-devops-engineer/
20 ян., Junior Developer ,https://dev.bg/company/jobads/telebidpro-junior-developer/
21 ян., TRAINEE PYTHON SOFTWARE ENGINEER ,https://dev.bg/company/jobads/trainee-python-software-engineer/
21 ян., Junior QA Engineer ,https://dev.bg/company/jobads/strypes-junior-qa-engineer-2-1-1-1/
21 ян., Junior Software Developer – Graduate Hiring Program ,https://dev.bg/company/jobads/dxc-technology-junior-software-developer-graduate-hiring-program/
21 ян., Junior Developer Python ,https://dev.bg/company/jobads/scaleflex-junior-developer-python/
21 ян., Salesforce Administrator Intern ,https://dev.bg/company/jobads/nemetschek-bulgaria-salesforce-administrator-intern/
21 ян., Junior QA Engineer ,https://dev.bg/company/jobads/strypes-junior-qa-engineer-2/
21 ян., Junior Business Analytics Solutions Developer ,https://dev.bg/company/jobads/b-eye-junior-business-analytics-solutions-developer/
21 ян., Kick-start your career with Zuhlke ,https://dev.bg/company/jobads/kick-start-your-career-with-zuhlke/
21 ян., Junior Python Developer ,https://dev.bg/company/jobads/telebidpro-junior-python-developer/
21 ян., Junior DevOps Engineer ,https://dev.bg/company/jobads/mentormate-junior-devops-engineer/
21 ян., Junior Developer ,https://dev.bg/company/jobads/auxionize-junior-developer/
21 ян., Junior Game Configuration Specialist ,https://dev.bg/company/jobads/dopamine-junior-game-play-designer/
21 ян., Junior DevOps Engineer ,https://dev.bg/company/jobads/mentormate-junior-devops-engineer-1-1/
21 ян., Junior SAP BI/BW Consultant ,https://dev.bg/company/jobads/kpmg-it-service-junior-sap-bi-bw-consultant/
21 ян., Implementation Consultant – Entry Level ,https://dev.bg/company/jobads/pros-implementation-consultant-entry-level/
21 ян., Software Engineer Internship – Hotels Supply ,https://dev.bg/company/jobads/hopper-software-engineer-internship-hotels-supply/
21 ян., Junior Business Consultant ,https://dev.bg/company/jobads/methodia-junior-business-consultant/
21 ян., JAVA DEVELOPER – JUNIOR ,https://dev.bg/company/jobads/human-power-it-java-developer-junior/
21 ян., Junior Agile Project Manager – Graduate Hiring Program ,https://dev.bg/company/jobads/dxc-technology-junior-agile-project-manager-graduate-hiring-program/
21 ян., Junior Backup & Recovery Administrator – Graduate Development Program ,https://dev.bg/company/jobads/dxc-technology-junior-backup-recovery-administrator-graduate-development-program/
21 ян., Front-End Developer | JavaScript ,https://dev.bg/company/jobads/human-power-front-end-developer-javascript/
21 ян., Junior Developer for SAP S/4HANA Cloud Sustainability Business Applications ,https://dev.bg/company/jobads/junior-developer-for-sap-s-4hana-cloud-sustainability-business-applications/
22 ян., Junior QA Engineer ,https://dev.bg/company/jobads/strypes-junior-qa-engineer-2-1-1/
22 ян., Junior Software Developer – Graduate Hiring Program ,https://dev.bg/company/jobads/dxc-technology-junior-software-developer-graduate-hiring-program-1/
24 дек., Junior Agile Project Manager – Graduate Hiring Program ,https://dev.bg/company/jobads/dxc-technology-junior-agile-project-manager-graduate-hiring-program-1/
24 дек., Kick-start your career with Zuhlke ,https://dev.bg/company/jobads/kick-start-your-career-with-zuhlke-2/
26 дек., Full Stack Developer Trainee ,https://dev.bg/company/jobads/catenate-bulgaria-full-stack-developer-trainee/
26 дек., Junior Software Developer for  Network Virtualization ,https://dev.bg/company/jobads/mina-software-junior-software-developer-for-network-virtualization/
26 дек., Junior DevOps Engineer ,https://dev.bg/company/jobads/mentormate-junior-devops-engineer-1/
26 дек., Software Development Intern ,https://dev.bg/company/jobads/accedia-2/
26 дек., Junior Java Cloud Engineer ,https://dev.bg/company/jobads/neli-petkova-talent-garden-coaching-junior-java-cloud-engineer/
26 дек., Junior Java Cloud Engineer ,https://dev.bg/company/jobads/neli-petkova-talent-garden-coaching-junior-java-cloud-engineer-2/
26 дек., Junior C/C++ Developer ,https://dev.bg/company/jobads/strypes-junior-c-developer-2/
26 дек., Angular Developer Trainee (m/f/d) ,https://dev.bg/company/jobads/catenate-bulgaria-angular-developer-trainee-m-f-d/
26 дек., Junior Python Developer with Django ,https://dev.bg/company/jobads/strypes-junior-python-developer-with-django-2/
26 дек., ETRM Business Analyst ,https://dev.bg/company/jobads/neli-petkova-talent-garden-coaching-etrm-business-analyst/
26 дек., Junior Python Developer ,https://dev.bg/company/jobads/strypes-junior-python-developer-3/
26 дек., Junior Python Developer ,https://dev.bg/company/jobads/strypes-junior-python-developer-2/
26 дек., Junior C/C++ Developer ,https://dev.bg/company/jobads/strypes-junior-c-developer-3/
26 дек., Junior Python Developer with Django ,https://dev.bg/company/jobads/strypes-junior-python-developer-with-django-3/
26 дек., JUNIOR CONSULTANT CHANGE MANAGEMENT ,https://dev.bg/company/jobads/seeburger-ag-change-management-junior-consultant/
26 дек., Junior Applications DevOps- Graduate Hiring Program ,https://dev.bg/company/jobads/dxc-technology-junior-applications-devops-graduate-hiring-program-2/
26 дек., Junior Applications DevOps- Graduate Hiring Program ,https://dev.bg/company/jobads/dxc-technology-junior-applications-devops-graduate-hiring-program/
26 дек., Windows Technical Support Engineer – Graduate Hiring Program ,https://dev.bg/company/jobads/dxc-technology-windows-technical-support-engineer-graduate-hiring-program/
26 дек., Junior Database Administrator ,https://dev.bg/company/jobads/huvepharma-junior-database-administrator/
26 дек., Junior developer ,https://dev.bg/company/jobads/vrp-consulting-junior-developer/
26 дек., Junior JavaScript Developer ,https://dev.bg/company/jobads/bica-services-junior-javascript-developer/
26 дек., Junior Full-Stack Developer ,https://dev.bg/company/jobads/bica-services-junior-full-stack-developer/
26 дек., Junior Machine Learning Engineer ,https://dev.bg/company/jobads/junior-machine-learning-engineer/
26 дек., Junior QA – Experian Data Quality ,https://dev.bg/company/jobads/junior-qa-experian-data-quality/
26 дек., Junior QA Engineer ,https://dev.bg/company/jobads/commerzbank-digital-technology-center-junior-qa-engineer-2/
26 дек., Administrative Specialist ,https://dev.bg/company/jobads/codix-administrative-specialist/
29 дек., Junior Java Cloud Software Engineer ,https://dev.bg/company/jobads/roiti-junior-java-cloud-engineer-3/
29 дек., Cloud Operations Intern ,https://dev.bg/company/jobads/cloud-operations-intern/
29 дек., Junior QA Engineer ,https://dev.bg/company/jobads/junior-qa-engineer/
29 дек., Junior Java/Scala Developer ,https://dev.bg/company/jobads/itr-management-consult-junior-java-scala-developer/
29 дек., .NET Developer – Intern ,https://dev.bg/company/jobads/bsh-net-developer-intern-2/
29 дек., INTERN EMBEDDED DEVELOPER WITH LINUX FOR AUTOMOTIVE ,https://dev.bg/company/jobads/bosch-engineering-center-sofia-intern-embedded-developer-with-linux-for-automotive/
29 дек., Junior System Administrator Linux ,https://dev.bg/company/jobads/dxc-technology-junior-system-administrator-linux/
29 дек., Junior BI Developer ,https://dev.bg/company/jobads/methodia-junior-bi-developer/
29 дек., Junior DevOps Engineer ,https://dev.bg/company/jobads/mentormate-junior-devops-engineer-1-1-1/
29 дек., Junior Project Manager ,https://dev.bg/company/jobads/igaming-junior-project-manager/
29 дек., Software Developer – full stack – junior/middle ,https://dev.bg/company/jobads/lukanet-software-developer-full-stack-junior-middle/
29 дек., Software Developer Trainee ,https://dev.bg/company/jobads/sirma2-sirma-software-developer-trainee-2/
29 дек., Junior Data Engineer – Graduate Hiring Program ,https://dev.bg/company/jobads/dxc-technology-junior-data-engineer-graduate-hiring-program/
29 дек., Junior JavaScript Developer with React ,https://dev.bg/company/jobads/sirma-new-wave-digital-junior-javascript-developer-with-react/
29 дек., Junior Java Developer ,https://dev.bg/company/jobads/sirma-junior-java-developer-3/
29 дек., Junior or Mid Android developer ,https://dev.bg/company/jobads/develop-soft-junior-or-mid-android-developer/
29 дек., Junior JavaScript Developer ,https://dev.bg/company/jobads/ultraplay-junior-javascript-developer/
29 дек., Junior JavaScript Developer ,https://dev.bg/company/jobads/ultraplay-junior-javascript-developer-2/
29 дек., Junior PHP Developer ,https://dev.bg/company/jobads/healee-junior-php-developer/
29 дек., Junior PHP Developer ,https://dev.bg/company/jobads/healee-junior-php-developer-1/
29 дек., Junior Software Engineer ,https://dev.bg/company/jobads/gtmhub-junior-software-engineer/
29 дек., JUNIOR DATABASE ENGINEER ,https://dev.bg/company/jobads/xogito-group-database-engineer/
29 дек., Стаж за програмисти ,https://dev.bg/company/jobads/telebidpro-stazh-za-programisti/
29 дек., Business Expert ,https://dev.bg/company/jobads/codix-business-expert/
29 дек., PHP Developer Intern ,https://dev.bg/company/jobads/nemetschek-bulgaria-php-developer-4/
29 дек., Junior Business Analyst ,https://dev.bg/company/jobads/transfermate-global-payments-junior-business-analyst/
29 дек., QA Internship (m/f/d) ,https://dev.bg/company/jobads/presize-qa-internship-m-f-d/
29 дек., Junior Developer ,https://dev.bg/company/jobads/c4-nexus-junior-developer-1/
29 дек., Junior System Administrator ,https://dev.bg/company/jobads/a-data-pro-junior-system-administrator/
30 дек., Junior C++ Application Developer ,https://dev.bg/company/jobads/junior-c-application-developer/
30 дек., System Administrator – Junior DevOps ,https://dev.bg/company/jobads/luxoft-system-administration-who-wants-to-become-devops/
30 дек., Junior Developer ,https://dev.bg/company/jobads/c4-nexus-junior-developer/
4 ян., Junior QA Automation Engineer ,https://dev.bg/company/jobads/tinqin-junior-qa-automation-engineer/
4 ян., Junior Java Developer ,https://dev.bg/company/jobads/accedia-junior-java-developer-2/
4 ян., Junior Front-End Developer ,https://dev.bg/company/jobads/accedia-junior-front-end-developer-1/
4 ян., Junior .NET Developer ,https://dev.bg/company/jobads/accedia-junior-net-developer-3/
4 ян., DevOps Intern ,https://dev.bg/company/jobads/accedia-devops-intern/
4 ян., Junior DevOps Engineer ,https://dev.bg/company/jobads/accedia-junior-devops-engineer/
4 ян., JUNIOR DEVOPS ENGINEER ,https://dev.bg/company/jobads/junior-devops-engineer/
4 ян., Junior Game Developer ,https://dev.bg/company/jobads/junior-game-developer/
4 ян., QA ENGINEER ,https://dev.bg/company/jobads/astound-commerce-bulgaria-qa-engineer-4/
4 ян., INTERNSHIP in Python development ,https://dev.bg/company/jobads/adastra-internship-in-python-development-1-1/
4 ян., Full Stack Blockchain Developer Internship ,https://dev.bg/company/jobads/hack-full-stack-blockchain-developer-internship/
4 ян., Junior / Mid / Senior CRM Developer ,https://dev.bg/company/jobads/junior-mid-senior-crm-developer/
4 ян., Junior Public Cloud Engineer – Graduate Hiring Program ,https://dev.bg/company/jobads/dxc-technology-junior-public-cloud-engineer-graduate-hiring-program/
4 ян., Junior Security Solution Architect ,https://dev.bg/company/jobads/dxc-technology-junior-security-solution-architect/
4 ян., Junior Python Developer with Django ,https://dev.bg/company/jobads/strypes-junior-python-developer-with-django-1/
4 ян., Junior C/C++ Developer ,https://dev.bg/company/jobads/strypes-junior-c-developer-1/
4 ян., [Trainee] QA Automation Trainee ,https://dev.bg/company/jobads/proxiad-trainee-qa-automation-trainee-1/
4 ян., Junior Linux/Unix Application Operations Engineer (Middleware) ,https://dev.bg/company/jobads/commerzbank-digital-technology-center-junior-application-operations-engineer-webmethods/
4 ян., Junior Python Developer ,https://dev.bg/company/jobads/strypes-junior-python-developer-1/
4 ян., Junior Java Developer ,https://dev.bg/company/jobads/regiocom-bulgarien-senior-full-stack-engineer-2/
4 ян., Jr. Linux System Administrator (DevOps) ,https://dev.bg/company/jobads/secure-group-jr-linux-system-administrator-devops/
4 ян., JUNIOR EMBEDDED FIRMWARE DEVELOPER ,https://dev.bg/company/jobads/holland-hires-junior-embedded-firmware-developer/
4 ян., JUNIOR BACK-END SOFTWARE DEVELOPER ,https://dev.bg/company/jobads/holland-hires-junior-back-end-software-developer/
4 ян., JUNIOR FULL STACK .NET DEVELOPER ,https://dev.bg/company/jobads/holland-hires-junior-full-stack-net-developer/
4 ян., Junior .NET Developer ,https://dev.bg/company/jobads/printec-bulgaria-junior-net-developer-3/
4 ян., Junior AWP Game Developer ,https://dev.bg/company/jobads/euro-games-technology-junior-awp-game-developer/
4 ян., Junior Backup and Archive Engineer ,https://dev.bg/company/jobads/dxc-technology-junior-backup-and-archive-engineer/
4 ян., Junior DevOps Engineer ,https://dev.bg/company/jobads/manpower-junior-devops-engineer/
5 ян., Junior Software Engineer – MOVEit ,https://dev.bg/company/jobads/progress-junior-software-engineer-moveit/
5 ян., Junior Java Developer (Mobile Banking) ,https://dev.bg/company/jobads/commerzbank-digital-technology-center-junior-java-developer-mobile-banking/
5 ян., JavaScript Software Engineer Intern ,https://dev.bg/company/jobads/programista-javascript-software-engineer-intern/
5 ян., Java Software Engineer Intern ,https://dev.bg/company/jobads/programista-java-software-engineer-intern/
5 ян., Software Quality Assurance Engineer Intern ,https://dev.bg/company/jobads/programista-software-quality-assurance-engineer-intern/
5 ян., Mobile Software Engineer Intern with Flutter ,https://dev.bg/company/jobads/programista-mobile-software-engineer-intern-with-flutter/
5 ян., .NET Software Engineer Intern ,https://dev.bg/company/jobads/programista-net-software-engineer-intern/
5 ян., Junior Software Developer ,https://dev.bg/company/jobads/junior-software-developer/
5 ян., Junior Business analyst ,https://dev.bg/company/jobads/junior-business-analyst-2/
5 ян., INTERNSHIP in Python development ,https://dev.bg/company/jobads/adastra-internship-in-python-development/
5 ян., Software Developer Trainee ,https://dev.bg/company/jobads/sirma2-sirma-software-developer-trainee/
5 ян., JavaScript Developer Internship ,https://dev.bg/company/jobads/hack-javascript-developer-internship/
5 ян., Jr. Android Developer ,https://dev.bg/company/jobads/secure-group-junior-android-developer/
5 ян., [Trainee] QA Automation Trainee ,https://dev.bg/company/jobads/proxiad-trainee-qa-automation-trainee/
5 ян., Software Developer Trainee ,https://dev.bg/company/jobads/sirma2-sirma-software-developer-trainee-3/
5 ян., Junior DevOps Engineer ,https://dev.bg/company/jobads/hedgeserv-junior-devops-engineer/
5 ян., System Administrator Intern ,https://dev.bg/company/jobads/nemetschek-bulgaria-system-administrator-2/
5 ян., Junior Software Engineer ,https://dev.bg/company/jobads/visteon-junior-software-engineer/
5 ян., Младши Системен администратор ,https://dev.bg/company/jobads/lirex-mladshi-sistemen-administrator/
5 ян., Junior Backend Developer (C/C++) ,https://dev.bg/company/jobads/smart-software-platform-solution-pty-junior-backend-developer-c-c/
5 ян., Junior Java Developer ,https://dev.bg/company/jobads/lead-consult-junior-java-developer-2/
5 ян., Junior Manual QA ,https://dev.bg/company/jobads/spinup-junior-manual-qa-2/
5 ян., Junior .NET Developer ,https://dev.bg/company/jobads/smartit-junior-net-developer/
5 ян., Junior .NET Developer ,https://dev.bg/company/jobads/easy-consult-junior-net-developer/
5 ян., Junior DevOps Engineer ,https://dev.bg/company/jobads/manpower-junior-devops-engineer-1/
5 ян., Junior Linux Administrator ,https://dev.bg/company/jobads/telebidpro-junior-linux-administrator/
5 ян., Linux Administrator Intern ,https://dev.bg/company/jobads/telebidpro-linux-administrator-intern/
5 ян., Junior Data Engineer ,https://dev.bg/company/jobads/junior-data-engineer/
5 ян., Junior SAP BW Consultant ,https://dev.bg/company/jobads/atos-bulgaria-competency-center-junior-sap-bw-consultant/
5 ян., Java Trainee ,https://dev.bg/company/jobads/manpower-java-trainee/
6 ян., VMware Talent Boost Academy 2022 ,https://dev.bg/company/jobads/vmware-bulgaria-vmware-talent-boost-academy-2022/
6 ян., Junior ETRM Java Developer ,https://dev.bg/company/jobads/roiti-junior-etrm-java-developer/
6 ян., Trainee – Software Development ,https://dev.bg/company/jobads/global-foundries-trainee-software-development/
6 ян., QA Engineer (junior level) ,https://dev.bg/company/jobads/qa-engineer-junior-level/
6 ян., Junior Java Developer – Android ,https://dev.bg/company/jobads/mobisystems-junior-java-developer-android/
6 ян., INTERNSHIP in Python development ,https://dev.bg/company/jobads/adastra-internship-in-python-development-1/
6 ян., Junior Python Developer in QA ,https://dev.bg/company/jobads/junior-python-developer-in-qa/
6 ян., Junior Data Engineer ,https://dev.bg/company/jobads/roiti-junior-data-engineer/
6 ян., Junior Product Designer ,https://dev.bg/company/jobads/junior-product-designer/
7 ян., Junior Data Engineer ,https://dev.bg/company/jobads/accedia-junior-data-engineer-2/
7 ян., Junior/Regular Java Developer (Credit Services) ,https://dev.bg/company/jobads/commerzbank-digital-technology-center-junior-regular-java-developer-credit-services/
7 ян., Junior C#.NET Cloud Software Engineer ,https://dev.bg/company/jobads/roiti-junior-c-net-cloud-software-engineer/
7 ян., Intern/ Junior – Angular/ Java Developer ,https://dev.bg/company/jobads/hedgeserv-intern-junior-angular-java-developer/
7 ян., Junior Python Developer ,https://dev.bg/company/jobads/accedia-junior-python-developer/
7 ян., Intern/junior front-end ,https://dev.bg/company/jobads/pytek-intern-junior-front-end-developer/
7 ян., Intern/Junior Python/Django Web Developer ,https://dev.bg/company/jobads/pytek-intern-junior-python-django-web-developer/
7 ян., Back End Developer (junior level) ,https://dev.bg/company/jobads/wetrack-bulgaria-back-end-developer-junior-level/
7 ян., Junior Ruby Engineer (m/f/d) ,https://dev.bg/company/jobads/nexgen-junior-ruby-engineer-m-f-d/
7 ян., Junior Office 365 Engineer – Graduate Hiring Program ,https://dev.bg/company/jobads/dxc-technology-junior-office-365-engineer-graduate-hiring-program/
7 ян., Backend Software Engineer Intern (m/f/d) ,https://dev.bg/company/jobads/presize-backend-software-engineer-intern-m-f-d/
7 ян., Junior Identity and Access Management Specialist – Graduate Development Program ,https://dev.bg/company/jobads/dxc-technology-junior-identity-and-access-management-specialist-graduate-hiring-program/
7 ян., Junior Golang Engineer for Analytics Platform ,https://dev.bg/company/jobads/vmware-bulgaria-junior-golang-engineer-for-analytics-platform/
7 ян., Python Developer Intern ,https://dev.bg/company/jobads/telebidpro-python-developer-intern/
7 ян., Junior/Mid 3D Quality Assurance Specialist (V-Ray for SketchUp & Rhino) ,https://dev.bg/company/jobads/chaos-3d-quality-assurance-specialist-v-ray-for-sketchup-rhino/
7 ян., IT SAP Intern ,https://dev.bg/company/jobads/cargill-it-sap-intern/
7 ян., Junior Network Security Engineer ,https://dev.bg/company/jobads/dxc-technology-junior-network-security-engineer/
7 ян., JUNIOR JAVA DEVELOPER ,https://dev.bg/company/jobads/junior-java-developer/
7 ян., DEVOPS / SYSADMIN ENG | JUNIOR / MID ,https://dev.bg/company/jobads/human-power-devops-sysadmin-engineer/
7 ян., HTML / CSS Designer Intern ,https://dev.bg/company/jobads/telebidpro-html-css-designer-intern/
7 ян., Junior IT Business Analyst ,https://dev.bg/company/jobads/a1-bulgaria-junior-it-business-analyst/
7 ян., Junior Automation QA ,https://dev.bg/company/jobads/smartit-junior-automation-qa/
7 ян., Junior Developer – Graduate Program ,https://dev.bg/company/jobads/dxc-technology-junior-developer-graduate-program/
7 ян., Database Administrator (with DB2 or MySQL or Postgres or Informix or MongoDB) ,https://dev.bg/company/jobads/dxc-technology-database-administrator-2/
